url,brochure_id,venue_name,type,download_link,description
https://www.bridely.sg/venue-brochures/the-ritz-carlton-millenia/r/recLLKpLfVWSBx8Zf,recLLKpLfVWSBx8Zf,The Ritz Carlton Millenia,brochure,,✨ First 10 couples get 20% off! Enjoy exclusive savings for your wedding at Acacia Geneo by Swensen's.
https://www.bridely.sg/venue-brochures/highfive/r/recHImSsUINgV5fjB,recHImSsUINgV5fjB,HIGHfive,brochure,,✨ First 10 couples get 20% off! Enjoy exclusive savings for your wedding at Acacia Geneo by Swensen's.
https://www.bridely.sg/venue-brochures/red-house-seafood-grand-copthorne/r/recsWTuTrisUtNFIK,recsWTuTrisUtNFIK,Red House Seafood Grand Copthorne,brochure,,✨ First 10 couples get 20% off! Enjoy exclusive savings for your wedding at Acacia Geneo by Swensen's.
https://www.bridely.sg/venue-brochures/haus217/r/rechKlsOTkVcLh1fG,rechKlsOTkVcLh1fG,HAUS217,brochure,,✨ First 10 couples get 20% off! Enjoy exclusive savings for your wedding at Acacia Geneo by Swensen's.
https://www.bridely.sg/venue-brochures/the-lavender/r/rec6STdiApUFFI2nE,rec6STdiApUFFI2nE,The Lavender,brochure,,✨ First 10 couples get 20% off! Enjoy exclusive savings for your wedding at Acacia Geneo by Swensen's.
https://www.bridely.sg/venue-brochures/qian-xi-paya-lebar/r/recsNY4ypLvsdTOPC,recsNY4ypLvsdTOPC,Qian Xi Paya Lebar,brochure,,✨ First 10 couples get 20% off! Enjoy exclusive savings for your wedding at Acacia Geneo by Swensen's.
https://www.bridely.sg/venue-brochures/the-chevrons/r/recApqXWAErTga5dU,recApqXWAErTga5dU,THE CHEVRONS,brochure,,✨ First 10 couples get 20% off! Enjoy exclusive savings for your wedding at Acacia Geneo by Swensen's.
https://www.bridely.sg/venue-brochures/hilton-singapore-orchard/r/recHDZVH5gjOfdJwA,recHDZVH5gjOfdJwA,Hilton Singapore Orchard,brochure,,✨ First 10 couples get 20% off! Enjoy exclusive savings for your wedding at Acacia Geneo by Swensen's.
https://www.bridely.sg/venue-brochures/pan-pacific-singapore/r/recrwQfJ9TAdsWcSZ,recrwQfJ9TAdsWcSZ,Pan Pacific Singapore,brochure,,✨ First 10 couples get 20% off! Enjoy exclusive savings for your wedding at Acacia Geneo by Swensen's.
https://www.bridely.sg/venue-brochures/parkroyal-collection-pickering/r/recjssjp75IRHLGQY,recjssjp75IRHLGQY,PARKROYAL COLLECTION Pickering,brochure,,✨ First 10 couples get 20% off! Enjoy exclusive savings for your wedding at Acacia Geneo by Swensen's.
https://www.bridely.sg/venue-brochures/si-chuan-dou-hua-restaurant-beach-road/r/recpchlyo5QV8gm7b,recpchlyo5QV8gm7b,Si Chuan Dou Hua Restaurant - Beach Road,brochure,,✨ First 10 couples get 20% off! Enjoy exclusive savings for your wedding at Acacia Geneo by Swensen's.
https://www.bridely.sg/venue-brochures/chui-huay-lim-teochew-cuisine-/r/rec3bDIc93oxuFHhT,rec3bDIc93oxuFHhT,Chui Huay Lim Teochew Cuisine 醉花林品潮轩,brochure,,✨ First 10 couples get 20% off! Enjoy exclusive savings for your wedding at Acacia Geneo by Swensen's.
https://www.bridely.sg/venue-brochures/monti-at-1-pavilion/r/recqCDcuxDRJ4acJw,recqCDcuxDRJ4acJw,Monti at 1-Pavilion,brochure,,✨ First 10 couples get 20% off! Enjoy exclusive savings for your wedding at Acacia Geneo by Swensen's.
https://www.bridely.sg/venue-brochures/oasia-hotel-novena/r/recx8Y7Edr2zI3W5c,recx8Y7Edr2zI3W5c,Oasia Hotel Novena,brochure,,✨ First 10 couples get 20% off! Enjoy exclusive savings for your wedding at Acacia Geneo by Swensen's.
https://www.bridely.sg/venue-brochures/beaulieu-house-sembawang-seafood-paradise/r/recyGVEpRHE28iOeQ,recyGVEpRHE28iOeQ,Beaulieu House (Sembawang Seafood Paradise),brochure,,✨ First 10 couples get 20% off! Enjoy exclusive savings for your wedding at Acacia Geneo by Swensen's.
https://www.bridely.sg/venue-brochures/the-westin-singapore/r/reckCNN3699XKGC0z,reckCNN3699XKGC0z,The Westin Singapore,brochure,,✨ First 10 couples get 20% off! Enjoy exclusive savings for your wedding at Acacia Geneo by Swensen's.
https://www.bridely.sg/venue-brochures/istana-the-venue-pte-ltd/r/recf1iQBe8N3yMqQ3,recf1iQBe8N3yMqQ3,The Istana Ballroom @ Promenade,brochure,,"💄 One-Stop Shop for Your Bridal Look: Ibtiiman Bridal, Singapore's Most Popular Bridal Studio."
https://www.bridely.sg/venue-brochures/qian-xi-bliss-garden/r/recqevvIhSAqk94MR,recqevvIhSAqk94MR,Qian Xi Bliss Garden,brochure,,✨ First 10 couples get 20% off! Enjoy exclusive savings for your wedding at Acacia Geneo by Swensen's.
https://www.bridely.sg/venue-brochures/national-kitchen-by-violet-oon/r/rec3qgNaCD6xG3F95,rec3qgNaCD6xG3F95,National Kitchen by Violet Oon,brochure,,✨ First 10 couples get 20% off! Enjoy exclusive savings for your wedding at Acacia Geneo by Swensen's.
https://www.bridely.sg/venue-brochures/grand-mercure-singapore-roxy/r/rec017wHZlngseHpA,rec017wHZlngseHpA,Grand Mercure Singapore Roxy,brochure,,✨ First 10 couples get 20% off! Enjoy exclusive savings for your wedding at Acacia Geneo by Swensen's.
https://www.bridely.sg/venue-brochures/tunglok-seafood-orchard-central/r/rec6pWfWGxvA1oHH0,rec6pWfWGxvA1oHH0,TungLok Seafood (Orchard Central),brochure,,✨ First 10 couples get 20% off! Enjoy exclusive savings for your wedding at Acacia Geneo by Swensen's.
https://www.bridely.sg/venue-brochures/intercontinental-singapore/r/recttw1uRCGN3IbXT,recttw1uRCGN3IbXT,InterContinental Singapore,brochure,,✨ First 10 couples get 20% off! Enjoy exclusive savings for your wedding at Acacia Geneo by Swensen's.
https://www.bridely.sg/venue-brochures/royal-albatross-luxury-tall-ship/r/recHxBtYUfvzJxJia,recHxBtYUfvzJxJia,Royal Albatross - Luxury Tall Ship,brochure,,✨ First 10 couples get 20% off! Enjoy exclusive savings for your wedding at Acacia Geneo by Swensen's.
https://www.bridely.sg/venue-brochures/min-jiang-at-dempsey/r/rec2o9vNM97x9KgzL,rec2o9vNM97x9KgzL,Min Jiang at Dempsey,brochure,,✨ First 10 couples get 20% off! Enjoy exclusive savings for your wedding at Acacia Geneo by Swensen's.
https://www.bridely.sg/venue-brochures/restaurant-espoir/r/recy6x1xVnVWM0wj6,recy6x1xVnVWM0wj6,Restaurant Espoir,brochure,,✨ First 10 couples get 20% off! Enjoy exclusive savings for your wedding at Acacia Geneo by Swensen's.
https://www.bridely.sg/venue-brochures/warehouse-16/r/recyY2sMCvBcIXAdp,recyY2sMCvBcIXAdp,Warehouse 16,brochure,,✨ First 10 couples get 20% off! Enjoy exclusive savings for your wedding at Acacia Geneo by Swensen's.
https://www.bridely.sg/venue-brochures/holiday-inn-singapore-atrium/r/rec1gQvTGBuDQHemt,rec1gQvTGBuDQHemt,Holiday Inn Singapore Atrium,brochure,,✨ First 10 couples get 20% off! Enjoy exclusive savings for your wedding at Acacia Geneo by Swensen's.
https://www.bridely.sg/venue-brochures/mercure-singapore-bugis/r/reccEAXPa7cj34lTa,reccEAXPa7cj34lTa,Mercure Singapore Bugis,brochure,,✨ First 10 couples get 20% off! Enjoy exclusive savings for your wedding at Acacia Geneo by Swensen's.
https://www.bridely.sg/venue-brochures/equarius-hotel/r/recGXXJ0e1gseLwYh,recGXXJ0e1gseLwYh,Equarius Hotel,brochure,,✨ First 10 couples get 20% off! Enjoy exclusive savings for your wedding at Acacia Geneo by Swensen's.
https://www.bridely.sg/venue-brochures/singapore-zoo/r/recsZ1CaYLd10xd6o,recsZ1CaYLd10xd6o,Singapore Zoo,brochure,,✨ First 10 couples get 20% off! Enjoy exclusive savings for your wedding at Acacia Geneo by Swensen's.
https://www.bridely.sg/venue-brochures/orto/r/recpqPG6PKqvCwux4,recpqPG6PKqvCwux4,ORTO,brochure,,✨ First 10 couples get 20% off! Enjoy exclusive savings for your wedding at Acacia Geneo by Swensen's.
https://www.bridely.sg/venue-brochures/singapore-island-country-club-island-location/r/recoJlp8m6A6Do7EY,recoJlp8m6A6Do7EY,Singapore Island Country Club (Island Location),brochure,,✨ First 10 couples get 20% off! Enjoy exclusive savings for your wedding at Acacia Geneo by Swensen's.
https://www.bridely.sg/venue-brochures/all-to-gather-events-venue-party-supplies/r/recWkhJGu8wGTpT0Y,recWkhJGu8wGTpT0Y,All To Gather,brochure,,✨ First 10 couples get 20% off! Enjoy exclusive savings for your wedding at Acacia Geneo by Swensen's.
https://www.bridely.sg/venue-brochures/panamericana/r/recqDMhBsMymqaz35,recqDMhBsMymqaz35,Panamericana,brochure,,✨ First 10 couples get 20% off! Enjoy exclusive savings for your wedding at Acacia Geneo by Swensen's.
https://www.bridely.sg/venue-brochures/one-farrer-hotel/r/rec2vg85fD0lXd0fY,rec2vg85fD0lXd0fY,One Farrer Hotel,brochure,,✨ First 10 couples get 20% off! Enjoy exclusive savings for your wedding at Acacia Geneo by Swensen's.
https://www.bridely.sg/venue-brochures/candlenut/r/recdmn10fsbg02hM6,recdmn10fsbg02hM6,Candlenut,brochure,,✨ First 10 couples get 20% off! Enjoy exclusive savings for your wedding at Acacia Geneo by Swensen's.
https://www.bridely.sg/venue-brochures/parkroyal-on-beach-road/r/rechd47AKUs6ukd3v,rechd47AKUs6ukd3v,PARKROYAL on Beach Road,brochure,,✨ First 10 couples get 20% off! Enjoy exclusive savings for your wedding at Acacia Geneo by Swensen's.
https://www.bridely.sg/venue-brochures/sk-hall/r/recRipNoxfELKcsYQ,recRipNoxfELKcsYQ,SK Hall,brochure,,"💄 One-Stop Shop for Your Bridal Look: Ibtiiman Bridal, Singapore's Most Popular Bridal Studio."
https://www.bridely.sg/venue-brochures/spring-court/r/rec0wXzP0QoMaYagx,rec0wXzP0QoMaYagx,Spring Court,brochure,,✨ First 10 couples get 20% off! Enjoy exclusive savings for your wedding at Acacia Geneo by Swensen's.
https://www.bridely.sg/venue-brochures/anggun-on-stevens/r/recT7si2zylyYfpFt,recT7si2zylyYfpFt,Anggun On Stevens,brochure,,"💄 One-Stop Shop for Your Bridal Look: Ibtiiman Bridal, Singapore's Most Popular Bridal Studio."
https://www.bridely.sg/venue-brochures/marina-bay-sands/r/recUuVPT9eiRAZtIU,recUuVPT9eiRAZtIU,Marina Bay Sands,brochure,,✨ First 10 couples get 20% off! Enjoy exclusive savings for your wedding at Acacia Geneo by Swensen's.
https://www.bridely.sg/venue-brochures/singapore-marriott-tang-plaza-hotel/r/recITWukbNkhbbWxF,recITWukbNkhbbWxF,Singapore Marriott Tang Plaza Hotel,brochure,,✨ First 10 couples get 20% off! Enjoy exclusive savings for your wedding at Acacia Geneo by Swensen's.
https://www.bridely.sg/venue-brochures/orchard-hotel-singapore/r/rec8Ls10aO49SU7Pj,rec8Ls10aO49SU7Pj,Orchard Hotel Singapore,brochure,,✨ First 10 couples get 20% off! Enjoy exclusive savings for your wedding at Acacia Geneo by Swensen's.
https://www.bridely.sg/venue-brochures/crowne-plaza-changi-airport/r/recOVVBdgxeDa2xLg,recOVVBdgxeDa2xLg,Crowne Plaza Changi Airport,brochure,,✨ First 10 couples get 20% off! Enjoy exclusive savings for your wedding at Acacia Geneo by Swensen's.
https://www.bridely.sg/venue-brochures/the-joyden-hall/r/recBOR5hwX0jVABRa,recBOR5hwX0jVABRa,The Joyden Hall,brochure,,✨ First 10 couples get 20% off! Enjoy exclusive savings for your wedding at Acacia Geneo by Swensen's.
https://www.bridely.sg/venue-brochures/the-summerhouse/r/recZgG5Hy3BtVHwRo,recZgG5Hy3BtVHwRo,The Summerhouse,brochure,,✨ First 10 couples get 20% off! Enjoy exclusive savings for your wedding at Acacia Geneo by Swensen's.
https://www.bridely.sg/venue-brochures/luna-concept/r/recA7SO3NNRl9QwUi,recA7SO3NNRl9QwUi,LUNA Concept (Catering),brochure,,"💄 One-Stop Shop for Your Bridal Look: Ibtiiman Bridal, Singapore's Most Popular Bridal Studio."
https://www.bridely.sg/venue-brochures/fairmont-singapore-and-swissotel-the-stamford/r/recMc3FNfo9IXeX4e,recMc3FNfo9IXeX4e,Fairmont Singapore and Swissotel The Stamford,brochure,,✨ First 10 couples get 20% off! Enjoy exclusive savings for your wedding at Acacia Geneo by Swensen's.
https://www.bridely.sg/venue-brochures/muslim-delights-wedding-catering-services/r/recHjY0pvMF8Y3Jdm,recHjY0pvMF8Y3Jdm,Muslim Delights Wedding at Concorde Hotel,brochure,,"100 Orchard Rd, concorde Hotel & Shopping Mall, Singapore 238840 Email"
https://www.bridely.sg/venue-brochures/oasia-resort-sentosa/r/recdJHwWsaIGr39iF,recdJHwWsaIGr39iF,Oasia Resort Sentosa,brochure,,✨ First 10 couples get 20% off! Enjoy exclusive savings for your wedding at Acacia Geneo by Swensen's.
https://www.bridely.sg/venue-brochures/changi-cove-hotel/r/recWY8V54Oaee8HJJ,recWY8V54Oaee8HJJ,Changi Cove Hotel,brochure,,✨ First 10 couples get 20% off! Enjoy exclusive savings for your wedding at Acacia Geneo by Swensen's.
https://www.bridely.sg/venue-brochures/the-dempsey-cookhouse-and-bar/r/reclev6J4AIt2OADn,reclev6J4AIt2OADn,,brochure,,✨ First 10 couples get 20% off! Enjoy exclusive savings for your wedding at Acacia Geneo by Swensen's.
https://www.bridely.sg/venue-brochures/sentosa-golf-club/r/recDoffEI8F40Vlop,recDoffEI8F40Vlop,Sentosa Golf Club,brochure,,✨ First 10 couples get 20% off! Enjoy exclusive savings for your wedding at Acacia Geneo by Swensen's.
https://www.bridely.sg/venue-brochures/peach-garden-ocbc-centre/r/recLNCMRefAyjQTZl,recLNCMRefAyjQTZl,Peach Garden @ OCBC Centre,brochure,,✨ First 10 couples get 20% off! Enjoy exclusive savings for your wedding at Acacia Geneo by Swensen's.
https://www.bridely.sg/venue-brochures/carlton-hotel-singapore/r/recM54IxC7AYLUzj7,recM54IxC7AYLUzj7,Carlton Hotel Singapore,brochure,,✨ First 10 couples get 20% off! Enjoy exclusive savings for your wedding at Acacia Geneo by Swensen's.
https://www.bridely.sg/venue-brochures/the-grassroots-club/r/recVjCzbZmpmP3mnr,recVjCzbZmpmP3mnr,The Grassroots Club,brochure,,✨ First 10 couples get 20% off! Enjoy exclusive savings for your wedding at Acacia Geneo by Swensen's.
https://www.bridely.sg/venue-brochures/dutch-pavilion/r/recLaJkSBP5LW37SL,recLaJkSBP5LW37SL,Dutch Pavilion,brochure,,✨ First 10 couples get 20% off! Enjoy exclusive savings for your wedding at Acacia Geneo by Swensen's.
https://www.bridely.sg/venue-brochures/village-hotel-changi/r/rech5sKSZIg0G7jVS,rech5sKSZIg0G7jVS,Village Hotel Changi,brochure,,✨ First 10 couples get 20% off! Enjoy exclusive savings for your wedding at Acacia Geneo by Swensen's.
https://www.bridely.sg/venue-brochures/jen-singapore-tanglin-by-shangri-la/r/rec5Do9bNbZmbFnt9,rec5Do9bNbZmbFnt9,JEN Singapore Tanglin by Shangri-La,brochure,,✨ First 10 couples get 20% off! Enjoy exclusive savings for your wedding at Acacia Geneo by Swensen's.
https://www.bridely.sg/venue-brochures/qian-xi-summer-garden/r/recdfErTxqCPS5QJi,recdfErTxqCPS5QJi,Qian Xi Summer Garden,brochure,,✨ First 10 couples get 20% off! Enjoy exclusive savings for your wedding at Acacia Geneo by Swensen's.
https://www.bridely.sg/venue-brochures/qian-xi-eternal-garden/r/rec4DaUQ6VpmezilU,rec4DaUQ6VpmezilU,Qian Xi Eternal Garden,brochure,,✨ First 10 couples get 20% off! Enjoy exclusive savings for your wedding at Acacia Geneo by Swensen's.
https://www.bridely.sg/venue-brochures/serangoon-gardens-country-club/r/recjhzrIvNnBfz3Ly,recjhzrIvNnBfz3Ly,Serangoon Gardens Country Club,brochure,,✨ First 10 couples get 20% off! Enjoy exclusive savings for your wedding at Acacia Geneo by Swensen's.
https://www.bridely.sg/venue-brochures/aloft-singapore-novena/r/recune5kHT6NnA1eE,recune5kHT6NnA1eE,Aloft Singapore Novena,brochure,,✨ First 10 couples get 20% off! Enjoy exclusive savings for your wedding at Acacia Geneo by Swensen's.
https://www.bridely.sg/venue-brochures/orchidville-pte-ltd/r/recfR8FmO5KKIgbAa,recfR8FmO5KKIgbAa,ORCHIDVILLE PTE LTD,brochure,,✨ First 10 couples get 20% off! Enjoy exclusive savings for your wedding at Acacia Geneo by Swensen's.
https://www.bridely.sg/venue-brochures/w-singapore-sentosa-cove/r/recImULdJleYpUoyS,recImULdJleYpUoyS,W Singapore - Sentosa Cove,brochure,,✨ First 10 couples get 20% off! Enjoy exclusive savings for your wedding at Acacia Geneo by Swensen's.
https://www.bridely.sg/venue-brochures/village-hotel-sentosa/r/recAzx4Crr9ajtC5d,recAzx4Crr9ajtC5d,Village Hotel Sentosa,brochure,,✨ First 10 couples get 20% off! Enjoy exclusive savings for your wedding at Acacia Geneo by Swensen's.
https://www.bridely.sg/venue-brochures/chijmes/r/recQpPPBl9LBtl9ft,recQpPPBl9LBtl9ft,CHIJMES,brochure,,✨ First 10 couples get 20% off! Enjoy exclusive savings for your wedding at Acacia Geneo by Swensen's.
https://www.bridely.sg/venue-brochures/mandarin-oriental-singapore/r/rechBrz17hfP3SjHA,rechBrz17hfP3SjHA,Mandarin Oriental Singapore,brochure,,✨ First 10 couples get 20% off! Enjoy exclusive savings for your wedding at Acacia Geneo by Swensen's.
https://www.bridely.sg/venue-brochures/alma-by-juan-amador/r/recHKJ8g7S2vgvmCe,recHKJ8g7S2vgvmCe,Alma by Juan Amador,brochure,,✨ First 10 couples get 20% off! Enjoy exclusive savings for your wedding at Acacia Geneo by Swensen's.
https://www.bridely.sg/venue-brochures/safra-yishun-country-club/r/recGcN2UgwEcEbf7D,recGcN2UgwEcEbf7D,SAFRA Yishun Country Club,brochure,,✨ First 10 couples get 20% off! Enjoy exclusive savings for your wedding at Acacia Geneo by Swensen's.
https://www.bridely.sg/venue-brochures/singapore-swimming-club/r/recWIR7Pjbffkrjt9,recWIR7Pjbffkrjt9,Singapore Swimming Club,brochure,,✨ First 10 couples get 20% off! Enjoy exclusive savings for your wedding at Acacia Geneo by Swensen's.
https://www.bridely.sg/venue-brochures/four-seasons-hotel-singapore/r/reckwQMCm3MWY3VgW,reckwQMCm3MWY3VgW,Four Seasons Hotel Singapore,brochure,,✨ First 10 couples get 20% off! Enjoy exclusive savings for your wedding at Acacia Geneo by Swensen's.
https://www.bridely.sg/venue-brochures/lingzhi-vegetarian-liat-towers/r/recmHzS6NMaL7siJB,recmHzS6NMaL7siJB,LingZhi Vegetarian (Liat Towers),brochure,,✨ First 10 couples get 20% off! Enjoy exclusive savings for your wedding at Acacia Geneo by Swensen's.
https://www.bridely.sg/venue-brochures/cali-ascott-raffles-place-singapore/r/recwMjNxBijNiVBEv,recwMjNxBijNiVBEv,CALI - Ascott Raffles Place Singapore,brochure,,✨ First 10 couples get 20% off! Enjoy exclusive savings for your wedding at Acacia Geneo by Swensen's.
https://www.bridely.sg/venue-brochures/concorde-hotel-singapore/r/recYiWtRrY1SDDqPe,recYiWtRrY1SDDqPe,Concorde Hotel Singapore,brochure,,✨ First 10 couples get 20% off! Enjoy exclusive savings for your wedding at Acacia Geneo by Swensen's.
https://www.bridely.sg/venue-brochures/fu-lin-men-national-service-resort-country-club/r/rec3Sc4xN91kbSr5w,rec3Sc4xN91kbSr5w,Fu Lin Men (National Service Resort & Country Club),brochure,,✨ First 10 couples get 20% off! Enjoy exclusive savings for your wedding at Acacia Geneo by Swensen's.
https://www.bridely.sg/venue-brochures/raffles-hotel/r/recvc9CavlbranxAV,recvc9CavlbranxAV,Raffles Hotel,brochure,,✨ First 10 couples get 20% off! Enjoy exclusive savings for your wedding at Acacia Geneo by Swensen's.
https://www.bridely.sg/venue-brochures/raffles-town-club/r/rec3H0FDwrcslsIpA,rec3H0FDwrcslsIpA,Raffles Town Club,brochure,,✨ First 10 couples get 20% off! Enjoy exclusive savings for your wedding at Acacia Geneo by Swensen's.
https://www.bridely.sg/venue-brochures/peninsula-excelsior-hotel/r/recxuBBBvpjCh4lRG,recxuBBBvpjCh4lRG,Peninsula Excelsior Hotel,brochure,,✨ First 10 couples get 20% off! Enjoy exclusive savings for your wedding at Acacia Geneo by Swensen's.
https://www.bridely.sg/venue-brochures/fu-lin-men-cantonese-dining-chinese-swimming-club/r/recr2mlcWIpuhM68R,recr2mlcWIpuhM68R,Fu Lin Men Cantonese Dining (Chinese Swimming Club),brochure,,✨ First 10 couples get 20% off! Enjoy exclusive savings for your wedding at Acacia Geneo by Swensen's.
https://www.bridely.sg/venue-brochures/1-arden/r/recugWvnqqeiJ2Q1s,recugWvnqqeiJ2Q1s,1-Arden,brochure,,✨ First 10 couples get 20% off! Enjoy exclusive savings for your wedding at Acacia Geneo by Swensen's.
https://www.bridely.sg/venue-brochures/sailuxo-yacht-club-premier-yacht-charter-singapore-birthday-wedding-team-bonding/r/rechrl5xcprrNlcE4,rechrl5xcprrNlcE4,SAILUXO Yacht Club,brochure,,✨ First 10 couples get 20% off! Enjoy exclusive savings for your wedding at Acacia Geneo by Swensen's.
https://www.bridely.sg/venue-brochures/gardenasia-weddings/r/rec51N1L8UKDGh5Ro,rec51N1L8UKDGh5Ro,Gardenasia Weddings,brochure,,✨ First 10 couples get 20% off! Enjoy exclusive savings for your wedding at Acacia Geneo by Swensen's.
https://www.bridely.sg/venue-brochures/indocaf-peranakan-dining/r/recGn2Pz2L4rbRGR0,recGn2Pz2L4rbRGR0,INDOCAFÉ - Peranakan Dining,brochure,,✨ First 10 couples get 20% off! Enjoy exclusive savings for your wedding at Acacia Geneo by Swensen's.
https://www.bridely.sg/venue-brochures/le-danz/r/recMFbVKKjiNSktjX,recMFbVKKjiNSktjX,Le Danz,brochure,,✨ First 10 couples get 20% off! Enjoy exclusive savings for your wedding at Acacia Geneo by Swensen's.
https://www.bridely.sg/venue-brochures/resorts-world-convention-centre/r/recGyhQdlqcDkCZla,recGyhQdlqcDkCZla,Resorts World Convention Centre,brochure,,✨ First 10 couples get 20% off! Enjoy exclusive savings for your wedding at Acacia Geneo by Swensen's.
https://www.bridely.sg/venue-brochures/222-arts-club/r/recpr3gNEHU3VCO0T,recpr3gNEHU3VCO0T,222 Arts Club,brochure,,✨ First 10 couples get 20% off! Enjoy exclusive savings for your wedding at Acacia Geneo by Swensen's.
https://www.bridely.sg/venue-brochures/riviera/r/recx2JdkVRTbZT7wO,recx2JdkVRTbZT7wO,Riviera,brochure,,✨ First 10 couples get 20% off! Enjoy exclusive savings for your wedding at Acacia Geneo by Swensen's.
https://www.bridely.sg/venue-brochures/sofitel-singapore-sentosa-resort-spa/r/recALC4YRHHZLaQlA,recALC4YRHHZLaQlA,Sofitel Singapore Sentosa Resort & Spa,brochure,,✨ First 10 couples get 20% off! Enjoy exclusive savings for your wedding at Acacia Geneo by Swensen's.
https://www.bridely.sg/venue-brochures/the-riverhouse/r/rec9DKskQljvHLmak,rec9DKskQljvHLmak,The Riverhouse,brochure,,✨ First 10 couples get 20% off! Enjoy exclusive savings for your wedding at Acacia Geneo by Swensen's.
https://www.bridely.sg/venue-brochures/casa-bayu-by-the-chic-wedding/r/recbMGDGELlfJ0aRD,recbMGDGELlfJ0aRD,Casa Bayu by The Chic Wedding,brochure,,"💄 One-Stop Shop for Your Bridal Look: Ibtiiman Bridal, Singapore's Most Popular Bridal Studio."
https://www.bridely.sg/venue-brochures/hilltop-ballroom-pearls-hill/r/rec0P606jrS3N14hI,rec0P606jrS3N14hI,Hilltop Ballroom @ Pearl's Hill,brochure,,✨ First 10 couples get 20% off! Enjoy exclusive savings for your wedding at Acacia Geneo by Swensen's.
https://www.bridely.sg/venue-brochures/vineyard/r/recfHEKdi2Pvj2eya,recfHEKdi2Pvj2eya,Vineyard at Hort Park,brochure,,✨ First 10 couples get 20% off! Enjoy exclusive savings for your wedding at Acacia Geneo by Swensen's.
https://www.bridely.sg/venue-brochures/shisen-hanten/r/rectyNsJtMgivvWzd,rectyNsJtMgivvWzd,Shisen Hanten,brochure,,✨ First 10 couples get 20% off! Enjoy exclusive savings for your wedding at Acacia Geneo by Swensen's.
https://www.bridely.sg/venue-brochures/village-hotel-albert-court/r/recL4GTWfT8WZPimQ,recL4GTWfT8WZPimQ,Village Hotel Albert Court,brochure,,✨ First 10 couples get 20% off! Enjoy exclusive savings for your wedding at Acacia Geneo by Swensen's.
https://www.bridely.sg/venue-brochures/amara-singapore/r/rec2JkFNKsorfUaNN,rec2JkFNKsorfUaNN,Amara Singapore,brochure,,✨ First 10 couples get 20% off! Enjoy exclusive savings for your wedding at Acacia Geneo by Swensen's.
https://www.bridely.sg/venue-brochures/gedung-kuning/r/rece6H06dZYjBmTob,rece6H06dZYjBmTob,Gedung Kuning,brochure,,"💄 One-Stop Shop for Your Bridal Look: Ibtiiman Bridal, Singapore's Most Popular Bridal Studio."
https://www.bridely.sg/venue-brochures/tawakkal-wedding-services/r/recPkNMOAYVll6zeH,recPkNMOAYVll6zeH,Tawakkal Wedding Services,brochure,,"💄 One-Stop Shop for Your Bridal Look: Ibtiiman Bridal, Singapore's Most Popular Bridal Studio."
https://www.bridely.sg/venue-brochures/the-white-label/r/recQU9sJFth7cpVjc,recQU9sJFth7cpVjc,The White Label,brochure,,✨ First 10 couples get 20% off! Enjoy exclusive savings for your wedding at Acacia Geneo by Swensen's.
https://www.bridely.sg/venue-brochures/grand-dahlia/r/recgqjv1uT4tpI6Hj,recgqjv1uT4tpI6Hj,Grand Dahlia,brochure,,"2 Joo Chiat Rd, #03 - 1111, Singapore 420002 WhatsApp·Email"
https://www.bridely.sg/venue-brochures/holiday-inn-express-suites-singapore-novena/r/recvE8e1n7b12ALmf,recvE8e1n7b12ALmf,Holiday Inn Express & Suites Singapore Novena,brochure,,✨ First 10 couples get 20% off! Enjoy exclusive savings for your wedding at Acacia Geneo by Swensen's.
https://www.bridely.sg/venue-brochures/weddings-solemnisations-at-dusit-thani-laguna/r/recpas82bnk4StYzP,recpas82bnk4StYzP,This venue is closed.,brochure,,✨ First 10 couples get 20% off! Enjoy exclusive savings for your wedding at Acacia Geneo by Swensen's.
https://www.bridely.sg/venue-brochures/park-avenue-convention-centre/r/rec7whqAq0wT5ISnB,rec7whqAq0wT5ISnB,Park Avenue Convention Centre,brochure,,✨ First 10 couples get 20% off! Enjoy exclusive savings for your wedding at Acacia Geneo by Swensen's.
https://www.bridely.sg/venue-brochures/pivotal-studios/r/recSXvqUWcmSMERQw,recSXvqUWcmSMERQw,Pivotal Studios,brochure,,✨ First 10 couples get 20% off! Enjoy exclusive savings for your wedding at Acacia Geneo by Swensen's.
https://www.bridely.sg/venue-brochures/the-outset/r/recjjngfUkmFPMFUj,recjjngfUkmFPMFUj,THE OUTSET,brochure,,✨ First 10 couples get 20% off! Enjoy exclusive savings for your wedding at Acacia Geneo by Swensen's.
https://www.bridely.sg/venue-brochures/furama-riverfront/r/recGmi8cWilq2rlHu,recGmi8cWilq2rlHu,Furama RiverFront,brochure,,✨ First 10 couples get 20% off! Enjoy exclusive savings for your wedding at Acacia Geneo by Swensen's.
https://www.bridely.sg/venue-brochures/the-happi-loft/r/rec4S8gsKUgJOQZfB,rec4S8gsKUgJOQZfB,The Happi Loft,brochure,,✨ First 10 couples get 20% off! Enjoy exclusive savings for your wedding at Acacia Geneo by Swensen's.
https://www.bridely.sg/venue-brochures/the-iris-city-plaza/r/recFlHgCXuGan8Eum,recFlHgCXuGan8Eum,The Iris City Plaza,brochure,,"810 Geylang Rd, #04 - 28/37, Singapore 409286 Call·Email·Website"
https://www.bridely.sg/venue-brochures/qian-xi-farrer-park/r/recaFOpIKqPUhXnsM,recaFOpIKqPUhXnsM,Qian Xi Farrer Park,brochure,,✨ First 10 couples get 20% off! Enjoy exclusive savings for your wedding at Acacia Geneo by Swensen's.
https://www.bridely.sg/venue-brochures/civil-service-club-bukit-batok/r/recxquIWUikkQ3R8s,recxquIWUikkQ3R8s,Civil Service Club @ Bukit Batok,brochure,,✨ First 10 couples get 20% off! Enjoy exclusive savings for your wedding at Acacia Geneo by Swensen's.
https://www.bridely.sg/venue-brochures/novotel-singapore-on-stevens/r/rec7WN9QJiiFHMima,rec7WN9QJiiFHMima,Novotel Singapore On Stevens,brochure,,✨ First 10 couples get 20% off! Enjoy exclusive savings for your wedding at Acacia Geneo by Swensen's.
https://www.bridely.sg/venue-brochures/guoco-midtown/r/recfwp3MYixEm8ida,recfwp3MYixEm8ida,Guoco Midtown,brochure,,✨ First 10 couples get 20% off! Enjoy exclusive savings for your wedding at Acacia Geneo by Swensen's.
https://www.bridely.sg/venue-brochures/muslim-delights-wedding-service-changi-civil-service-club/r/recvQbtaBaDar8dI7,recvQbtaBaDar8dI7,Muslim Delights Wedding Service @ Changi Civil Service Club,brochure,,"2 Netheravon Rd, Singapore 508503 Email"
https://www.bridely.sg/venue-brochures/peach-garden-cateringwedding/r/recfQUvF91wM5P9bQ,recfQUvF91wM5P9bQ,Peach Garden Catering/Wedding,brochure,,✨ First 10 couples get 20% off! Enjoy exclusive savings for your wedding at Acacia Geneo by Swensen's.
https://www.bridely.sg/venue-brochures/arpanam-pte-ltd/r/recTynGv6rqeEvtPS,recTynGv6rqeEvtPS,Arpanam,brochure,,✨ First 10 couples get 20% off! Enjoy exclusive savings for your wedding at Acacia Geneo by Swensen's.
https://www.bridely.sg/venue-brochures/1-altitude-coast/r/rec6UxG2cNCMz0BqP,rec6UxG2cNCMz0BqP,1-Altitude Coast,brochure,,✨ First 10 couples get 20% off! Enjoy exclusive savings for your wedding at Acacia Geneo by Swensen's.
https://www.bridely.sg/venue-brochures/artemis-grill-sky-bar/r/rec8cnoKFSmnBN2QE,rec8cnoKFSmnBN2QE,Artemis Grill & Sky Bar,brochure,,✨ First 10 couples get 20% off! Enjoy exclusive savings for your wedding at Acacia Geneo by Swensen's.
https://www.bridely.sg/venue-brochures/the-capitol-kempinski-hotel-singapore/r/recUA0P4TEk3edklW,recUA0P4TEk3edklW,The Capitol Kempinski Hotel Singapore,brochure,,✨ First 10 couples get 20% off! Enjoy exclusive savings for your wedding at Acacia Geneo by Swensen's.
https://www.bridely.sg/venue-brochures/darena/r/recmxPCwL2El6uzin,recmxPCwL2El6uzin,Amaris D'Arena Ballroom,brochure,,"511 Upper Jurong Rd, Arena Country Club, Singapore 638366 Luxurious 320-Guest Ballroom with Mega Chandeliers"
https://www.bridely.sg/venue-brochures/mandai-wildlife-reserve/r/recsfAzoVDAuMdKTA,recsfAzoVDAuMdKTA,Mandai Wildlife Reserve,brochure,,✨ First 10 couples get 20% off! Enjoy exclusive savings for your wedding at Acacia Geneo by Swensen's.
https://www.bridely.sg/venue-brochures/the-winery-tapas-bar/r/recyUm0q4Qk9Pz4gQ,recyUm0q4Qk9Pz4gQ,The Winery Tapas Bar,brochure,,✨ First 10 couples get 20% off! Enjoy exclusive savings for your wedding at Acacia Geneo by Swensen's.
https://www.bridely.sg/venue-brochures/the-social-affinity/r/recxmucNaMYr8xh9q,recxmucNaMYr8xh9q,The Social Affinity,brochure,,✨ First 10 couples get 20% off! Enjoy exclusive savings for your wedding at Acacia Geneo by Swensen's.
https://www.bridely.sg/venue-brochures/tunglok-seafood-plq-mall/r/recZmqJkbciiABRkg,recZmqJkbciiABRkg,TungLok Seafood (PLQ Mall),brochure,,✨ First 10 couples get 20% off! Enjoy exclusive savings for your wedding at Acacia Geneo by Swensen's.
https://www.bridely.sg/venue-brochures/the-masons-table/r/recssYSWy0BAMkBKH,recssYSWy0BAMkBKH,The Masons Table,brochure,,"23A Coleman St, Singapore 179806 WhatsApp"
https://www.bridely.sg/venue-brochures/tanglin-community-club/r/recmiIeHFdqdwv3NR,recmiIeHFdqdwv3NR,Tanglin Community Club,brochure,,✨ First 10 couples get 20% off! Enjoy exclusive savings for your wedding at Acacia Geneo by Swensen's.
https://www.bridely.sg/venue-brochures/goodwood-park-hotel/r/rec5B0r3qtJycHMxn,rec5B0r3qtJycHMxn,Goodwood Park Hotel,brochure,,✨ First 10 couples get 20% off! Enjoy exclusive savings for your wedding at Acacia Geneo by Swensen's.
https://www.bridely.sg/venue-brochures/hotel-fort-canning/r/recSwzhId0HWrmPXK,recSwzhId0HWrmPXK,Hotel Fort Canning,brochure,,✨ First 10 couples get 20% off! Enjoy exclusive savings for your wedding at Acacia Geneo by Swensen's.
https://www.bridely.sg/venue-brochures/village-hotel-katong/r/recBmNbcJhqX5m7uh,recBmNbcJhqX5m7uh,Village Hotel Katong,brochure,,✨ First 10 couples get 20% off! Enjoy exclusive savings for your wedding at Acacia Geneo by Swensen's.
https://www.bridely.sg/venue-brochures/dusit-thani-laguna-singapore/r/recpaxfCEvtW3IWGi,recpaxfCEvtW3IWGi,Dusit Thani Laguna Singapore,brochure,,✨ First 10 couples get 20% off! Enjoy exclusive savings for your wedding at Acacia Geneo by Swensen's.
https://www.bridely.sg/venue-brochures/rendezvous-hotel-singapore-at-bras-basah/r/rec9TcTOYjrk9MDJj,rec9TcTOYjrk9MDJj,Rendezvous Hotel Singapore at Bras Basah,brochure,,✨ First 10 couples get 20% off! Enjoy exclusive savings for your wedding at Acacia Geneo by Swensen's.
https://www.bridely.sg/venue-brochures/fort-canning-green/r/rec8xJSyBjJtz40ap,rec8xJSyBjJtz40ap,Fort Canning Green,brochure,,✨ First 10 couples get 20% off! Enjoy exclusive savings for your wedding at Acacia Geneo by Swensen's.
https://www.bridely.sg/venue-brochures/the-alkaff-mansion/r/recRRFbJJhUyhfM24,recRRFbJJhUyhfM24,The Alkaff Mansion,brochure,,✨ First 10 couples get 20% off! Enjoy exclusive savings for your wedding at Acacia Geneo by Swensen's.
https://www.bridely.sg/venue-brochures/the-blue-ginger/r/rec4OTGIpBfuMuvQw,rec4OTGIpBfuMuvQw,The Blue Ginger,brochure,,✨ First 10 couples get 20% off! Enjoy exclusive savings for your wedding at Acacia Geneo by Swensen's.
https://www.bridely.sg/venue-brochures/the-velvet-affair/r/rec4GYtVaqsmcJLGO,rec4GYtVaqsmcJLGO,The Velvet Affair,brochure,,✨ First 10 couples get 20% off! Enjoy exclusive savings for your wedding at Acacia Geneo by Swensen's.
https://www.bridely.sg/venue-brochures/fu-lin-men-orchid-country-club/r/recjF8Pbgs307wZ6R,recjF8Pbgs307wZ6R,Fu Lin Men (Orchid Country Club),brochure,,✨ First 10 couples get 20% off! Enjoy exclusive savings for your wedding at Acacia Geneo by Swensen's.
https://www.bridely.sg/venue-brochures/jade-at-the-fullerton-hotel-singapore/r/recZyRrphTYZS9EFj,recZyRrphTYZS9EFj,Jade at The Fullerton Hotel Singapore,brochure,,✨ First 10 couples get 20% off! Enjoy exclusive savings for your wedding at Acacia Geneo by Swensen's.
https://www.bridely.sg/venue-brochures/crown-prince-restaurant-aranda-country-club/r/recZvvL53HwChyrIx,recZvvL53HwChyrIx,Crown Prince Restaurant (Aranda Country Club),brochure,,✨ First 10 couples get 20% off! Enjoy exclusive savings for your wedding at Acacia Geneo by Swensen's.
https://www.bridely.sg/venue-brochures/the-coastal-settlement/r/recKW6c18Ddt3rwKA,recKW6c18Ddt3rwKA,The Coastal Settlement,brochure,,✨ First 10 couples get 20% off! Enjoy exclusive savings for your wedding at Acacia Geneo by Swensen's.
https://www.bridely.sg/venue-brochures/reddot-brewhouse/r/recMyj4fE69qUycs3,recMyj4fE69qUycs3,RedDot Brewhouse,brochure,,✨ First 10 couples get 20% off! Enjoy exclusive savings for your wedding at Acacia Geneo by Swensen's.
https://www.bridely.sg/venue-brochures/one15-marina-sentosa-cove/r/reckFKpGxKimYGYOq,reckFKpGxKimYGYOq,ONE°15 Marina Sentosa Cove,brochure,,✨ First 10 couples get 20% off! Enjoy exclusive savings for your wedding at Acacia Geneo by Swensen's.
https://www.bridely.sg/venue-brochures/the-halia-at-singapore-botanic-gardens/r/recTZaFaATxuIHKnL,recTZaFaATxuIHKnL,The Halia at Singapore Botanic Gardens,brochure,,✨ First 10 couples get 20% off! Enjoy exclusive savings for your wedding at Acacia Geneo by Swensen's.
https://www.bridely.sg/venue-brochures/village-hotel-bugis/r/recG06yBh33vV1HK9,recG06yBh33vV1HK9,Village Hotel Bugis,brochure,,✨ First 10 couples get 20% off! Enjoy exclusive savings for your wedding at Acacia Geneo by Swensen's.
https://www.bridely.sg/venue-brochures/the-malayan-council/r/recfMfv2cov7DYVIe,recfMfv2cov7DYVIe,The Malayan Council,brochure,,"💄 One-Stop Shop for Your Bridal Look: Ibtiiman Bridal, Singapore's Most Popular Bridal Studio."
https://www.bridely.sg/venue-brochures/qian-xi-hilltop-garden/r/rec3JFOEf4dERBomj,rec3JFOEf4dERBomj,Qian Xi Hilltop Garden,brochure,,✨ First 10 couples get 20% off! Enjoy exclusive savings for your wedding at Acacia Geneo by Swensen's.
https://www.bridely.sg/venue-brochures/capella-singapore/r/recndJaJtwsBTrj1l,recndJaJtwsBTrj1l,Capella Singapore,brochure,,✨ First 10 couples get 20% off! Enjoy exclusive savings for your wedding at Acacia Geneo by Swensen's.
https://www.bridely.sg/venue-brochures/lawrys-the-prime-rib-singapore/r/recqr6N2Q6Kktitgt,recqr6N2Q6Kktitgt,Lawry's The Prime Rib Singapore,brochure,,✨ First 10 couples get 20% off! Enjoy exclusive savings for your wedding at Acacia Geneo by Swensen's.
https://www.bridely.sg/venue-brochures/wheelers-estate/r/recTLNPKosjiEkhBN,recTLNPKosjiEkhBN,Wheeler's Estate,brochure,,✨ First 10 couples get 20% off! Enjoy exclusive savings for your wedding at Acacia Geneo by Swensen's.
https://www.bridely.sg/venue-brochures/jw-marriott-hotel-singapore-south-beach/r/recEVqHq1aNQ9gkfi,recEVqHq1aNQ9gkfi,JW Marriott Hotel Singapore South Beach,brochure,,✨ First 10 couples get 20% off! Enjoy exclusive savings for your wedding at Acacia Geneo by Swensen's.
https://www.bridely.sg/venue-brochures/tunglok-signatures-orchard-rendezvous-hotel/r/recInqyn4eR7X7cxb,recInqyn4eR7X7cxb,TungLok Signatures (Orchard Rendezvous Hotel),brochure,,✨ First 10 couples get 20% off! Enjoy exclusive savings for your wedding at Acacia Geneo by Swensen's.
https://www.bridely.sg/venue-brochures/qian-xi-pearl-garden/r/recDiH8ebiFBl1m3G,recDiH8ebiFBl1m3G,Qian Xi Pearl Garden,brochure,,✨ First 10 couples get 20% off! Enjoy exclusive savings for your wedding at Acacia Geneo by Swensen's.
https://www.bridely.sg/venue-brochures/art-di-daniele-sperindio/r/recRqcqlu6mV1ppBQ,recRqcqlu6mV1ppBQ,Art di Daniele Sperindio,brochure,,✨ First 10 couples get 20% off! Enjoy exclusive savings for your wedding at Acacia Geneo by Swensen's.
https://www.bridely.sg/venue-brochures/ywca-fort-canning/r/recoHEibBFillDtfX,recoHEibBFillDtfX,YWCA Fort Canning,brochure,,✨ First 10 couples get 20% off! Enjoy exclusive savings for your wedding at Acacia Geneo by Swensen's.
https://www.bridely.sg/venue-brochures/the-common-good/r/recNPkA7GgbiQLbAx,recNPkA7GgbiQLbAx,The Common Good,brochure,,✨ First 10 couples get 20% off! Enjoy exclusive savings for your wedding at Acacia Geneo by Swensen's.
https://www.bridely.sg/venue-brochures/st-regis-singapore/r/recNs8QOEuCPsy834,recNs8QOEuCPsy834,St Regis Singapore,brochure,,✨ First 10 couples get 20% off! Enjoy exclusive savings for your wedding at Acacia Geneo by Swensen's.
https://www.bridely.sg/venue-brochures/lagun-sari-singapore/r/recwLlH4aNWb5O9jO,recwLlH4aNWb5O9jO,Lagun Sari Singapore,brochure,,"💄 One-Stop Shop for Your Bridal Look: Ibtiiman Bridal, Singapore's Most Popular Bridal Studio."
https://www.bridely.sg/venue-brochures/eden-ballroom/r/rechquWntP1GAxJbQ,rechquWntP1GAxJbQ,Arni Wedding @ Eden Ballroom,brochure,,"💄 One-Stop Shop for Your Bridal Look: Ibtiiman Bridal, Singapore's Most Popular Bridal Studio."
https://www.bridely.sg/venue-brochures/flutes/r/recMkSVcpX7cp7NMv,recMkSVcpX7cp7NMv,Flutes,brochure,,✨ First 10 couples get 20% off! Enjoy exclusive savings for your wedding at Acacia Geneo by Swensen's.
https://www.bridely.sg/venue-brochures/qian-xi-bountiful-garden/r/rec70wRHhQr8YICG7,rec70wRHhQr8YICG7,Qian Xi Bountiful Garden,brochure,,✨ First 10 couples get 20% off! Enjoy exclusive savings for your wedding at Acacia Geneo by Swensen's.
https://www.bridely.sg/venue-brochures/the-lighthouse/r/receXGRv2qEbR9amd,receXGRv2qEbR9amd,The Lighthouse,brochure,,✨ First 10 couples get 20% off! Enjoy exclusive savings for your wedding at Acacia Geneo by Swensen's.
https://www.bridely.sg/venue-brochures/empress/r/recogbkvmHgfrpCTz,recogbkvmHgfrpCTz,Empress,brochure,,✨ First 10 couples get 20% off! Enjoy exclusive savings for your wedding at Acacia Geneo by Swensen's.
https://www.bridely.sg/venue-brochures/conrad-centennial-singapore/r/recVzTQWhOosRg4TC,recVzTQWhOosRg4TC,Conrad Centennial Singapore,brochure,,✨ First 10 couples get 20% off! Enjoy exclusive savings for your wedding at Acacia Geneo by Swensen's.
https://www.bridely.sg/venue-brochures/furama-city-centre-singapore/r/recRewEbUi5frHEPh,recRewEbUi5frHEPh,Furama City Centre Singapore,brochure,,✨ First 10 couples get 20% off! Enjoy exclusive savings for your wedding at Acacia Geneo by Swensen's.
https://www.bridely.sg/venue-brochures/socioq-besar/r/recjDjqs2Nie9gK6u,recjDjqs2Nie9gK6u,SOCIOQ @ Besar,brochure,,✨ First 10 couples get 20% off! Enjoy exclusive savings for your wedding at Acacia Geneo by Swensen's.
https://www.bridely.sg/venue-brochures/priv-grill/r/rec63V33UphG3NPGi,rec63V33UphG3NPGi,Privé Grill,brochure,,✨ First 10 couples get 20% off! Enjoy exclusive savings for your wedding at Acacia Geneo by Swensen's.
https://www.bridely.sg/venue-brochures/caf-melba-at-goodman-arts-centre/r/recRlvajutl0Vck1m,recRlvajutl0Vck1m,Café Melba at Goodman Arts Centre,brochure,,✨ First 10 couples get 20% off! Enjoy exclusive savings for your wedding at Acacia Geneo by Swensen's.
https://www.bridely.sg/venue-brochures/pan-pacific-orchard/r/recnI0gIYtLxQfxXD,recnI0gIYtLxQfxXD,Pan Pacific Orchard,brochure,,✨ First 10 couples get 20% off! Enjoy exclusive savings for your wedding at Acacia Geneo by Swensen's.
https://www.bridely.sg/venue-brochures/the-singapore-edition/r/rechX2PKchxSHdckS,rechX2PKchxSHdckS,The Singapore EDITION,brochure,,✨ First 10 couples get 20% off! Enjoy exclusive savings for your wedding at Acacia Geneo by Swensen's.
https://www.bridely.sg/venue-brochures/ion-sky/r/recGpM8sl3i7wdWtB,recGpM8sl3i7wdWtB,ION Sky,brochure,,✨ First 10 couples get 20% off! Enjoy exclusive savings for your wedding at Acacia Geneo by Swensen's.
https://www.bridely.sg/venue-brochures/the-barracks-hotel-sentosa/r/recJh7OzM8HwIQxYq,recJh7OzM8HwIQxYq,The Barracks Hotel Sentosa,brochure,,✨ First 10 couples get 20% off! Enjoy exclusive savings for your wedding at Acacia Geneo by Swensen's.
https://www.bridely.sg/venue-brochures/tiara-waterfront/r/rec3OBWvQi9iY5Rsz,rec3OBWvQi9iY5Rsz,Tiara Waterfront,brochure,,"💄 One-Stop Shop for Your Bridal Look: Ibtiiman Bridal, Singapore's Most Popular Bridal Studio."
https://www.bridely.sg/venue-brochures/sheraton-towers-singapore/r/recmglERj5daazkVc,recmglERj5daazkVc,Sheraton Towers Singapore,brochure,,✨ First 10 couples get 20% off! Enjoy exclusive savings for your wedding at Acacia Geneo by Swensen's.
https://www.bridely.sg/venue-brochures/the-orange-ballroom/r/recjkYF2Xb9m6Hvjg,recjkYF2Xb9m6Hvjg,The Orange Ballroom,brochure,,"💄 One-Stop Shop for Your Bridal Look: Ibtiiman Bridal, Singapore's Most Popular Bridal Studio."
https://www.bridely.sg/venue-brochures/the-ahava/r/recPodRaHzgAjTNJ2,recPodRaHzgAjTNJ2,THE AHAVA,brochure,,✨ First 10 couples get 20% off! Enjoy exclusive savings for your wedding at Acacia Geneo by Swensen's.
https://www.bridely.sg/venue-brochures/1-atico/r/reclGhfKMgxVmprqu,reclGhfKMgxVmprqu,1-Atico,brochure,,✨ First 10 couples get 20% off! Enjoy exclusive savings for your wedding at Acacia Geneo by Swensen's.
https://www.bridely.sg/venue-brochures/voco-orchard-singapore/r/recGSE4cMEiR29mHX,recGSE4cMEiR29mHX,voco Orchard Singapore,brochure,,✨ First 10 couples get 20% off! Enjoy exclusive savings for your wedding at Acacia Geneo by Swensen's.
https://www.bridely.sg/venue-brochures/fu-lin-men-grandeur/r/recCRJozCqxdls3Ta,recCRJozCqxdls3Ta,This venue is closed.,brochure,,✨ First 10 couples get 20% off! Enjoy exclusive savings for your wedding at Acacia Geneo by Swensen's.
https://www.bridely.sg/venue-brochures/victoria-concert-hall/r/recvMFE5hkDmzTjDS,recvMFE5hkDmzTjDS,This venue is closed.,brochure,,✨ First 10 couples get 20% off! Enjoy exclusive savings for your wedding at Acacia Geneo by Swensen's.
https://www.bridely.sg/venue-brochures/the-secret-haven-at-mt-sophia/r/recqpvXDDPemVXM4r,recqpvXDDPemVXM4r,The Secret Haven at Mt Sophia,brochure,,✨ First 10 couples get 20% off! Enjoy exclusive savings for your wedding at Acacia Geneo by Swensen's.
https://www.bridely.sg/venue-brochures/timbre-signatures/r/recYvfw3yiia4N3ci,recYvfw3yiia4N3ci,Timbre Signatures,brochure,,✨ First 10 couples get 20% off! Enjoy exclusive savings for your wedding at Acacia Geneo by Swensen's.
https://www.bridely.sg/venue-brochures/qian-xi-jubilee-garden/r/recI5AYDzs7ZZLTgz,recI5AYDzs7ZZLTgz,Qian Xi Jubilee Garden,brochure,,✨ First 10 couples get 20% off! Enjoy exclusive savings for your wedding at Acacia Geneo by Swensen's.
https://www.bridely.sg/venue-brochures/si-chuan-dou-hua-restaurant-at-top-of-uob-plaza/r/recynafp6DR0aiBmk,recynafp6DR0aiBmk,Si Chuan Dou Hua Restaurant at Top of UOB Plaza,brochure,,✨ First 10 couples get 20% off! Enjoy exclusive savings for your wedding at Acacia Geneo by Swensen's.
https://www.bridely.sg/venue-brochures/shangri-la-hotel/r/recQ7C4fJjQkZGA73,recQ7C4fJjQkZGA73,Shangri-La Hotel,brochure,,✨ First 10 couples get 20% off! Enjoy exclusive savings for your wedding at Acacia Geneo by Swensen's.
https://www.bridely.sg/venue-brochures/the-villa-at-singapore-botanic-gardens/r/reckkpfsXXbELp3ax,reckkpfsXXbELp3ax,The Villa at Singapore Botanic Gardens,brochure,,✨ First 10 couples get 20% off! Enjoy exclusive savings for your wedding at Acacia Geneo by Swensen's.
https://www.bridely.sg/venue-brochures/the-oval/r/recs69m6NAVrOyHN5,recs69m6NAVrOyHN5,The Oval,brochure,,✨ First 10 couples get 20% off! Enjoy exclusive savings for your wedding at Acacia Geneo by Swensen's.
https://www.bridely.sg/venue-brochures/conrad-singapore-orchard/r/recaFuygUVJPHDLpF,recaFuygUVJPHDLpF,Conrad Singapore Orchard,brochure,,✨ First 10 couples get 20% off! Enjoy exclusive savings for your wedding at Acacia Geneo by Swensen's.
https://www.bridely.sg/venue-brochures/yacht-bookings-singapore/r/recRQXmsLCbLcwrok,recRQXmsLCbLcwrok,Yacht Bookings Singapore,brochure,,✨ First 10 couples get 20% off! Enjoy exclusive savings for your wedding at Acacia Geneo by Swensen's.
https://www.bridely.sg/venue-brochures/amaryllis-ballroom/r/rec7ccCRuRcl9hjiy,rec7ccCRuRcl9hjiy,Amaryllis Ballroom,brochure,,✨ First 10 couples get 20% off! Enjoy exclusive savings for your wedding at Acacia Geneo by Swensen's.
https://www.bridely.sg/venue-brochures/genting-hotel-jurong/r/reckiObT4vfAhTVCh,reckiObT4vfAhTVCh,Genting Hotel Jurong,brochure,,✨ First 10 couples get 20% off! Enjoy exclusive savings for your wedding at Acacia Geneo by Swensen's.
https://www.bridely.sg/venue-brochures/the-landmark-restaurant/r/recOFL0fXGR6KhGtm,recOFL0fXGR6KhGtm,The Landmark Restaurant,brochure,,"💄 One-Stop Shop for Your Bridal Look: Ibtiiman Bridal, Singapore's Most Popular Bridal Studio."
https://www.bridely.sg/venue-brochures/paradox-singapore-merchant-court/r/recqfRcTjOiTduWme,recqfRcTjOiTduWme,Paradox Singapore Merchant Court,brochure,,✨ First 10 couples get 20% off! Enjoy exclusive savings for your wedding at Acacia Geneo by Swensen's.
https://www.bridely.sg/venue-brochures/tung-lok-signatures-the-central/r/recCnYbjyJW967btS,recCnYbjyJW967btS,Tung Lok Signatures (The Central),brochure,,✨ First 10 couples get 20% off! Enjoy exclusive savings for your wedding at Acacia Geneo by Swensen's.
https://www.bridely.sg/venue-brochures/oso-ristorante/r/recQvIoXHGlMzHt8f,recQvIoXHGlMzHt8f,OSO Ristorante,brochure,,✨ First 10 couples get 20% off! Enjoy exclusive savings for your wedding at Acacia Geneo by Swensen's.
https://www.bridely.sg/venue-brochures/chavents/r/rec4ILCJntRkE9OG1,rec4ILCJntRkE9OG1,Chavents,brochure,,✨ First 10 couples get 20% off! Enjoy exclusive savings for your wedding at Acacia Geneo by Swensen's.
https://www.bridely.sg/venue-brochures/jewel-cloud9-piazza/r/rectyeOiLLbKfOBSL,rectyeOiLLbKfOBSL,Jewel Cloud9 Piazza,brochure,,✨ First 10 couples get 20% off! Enjoy exclusive savings for your wedding at Acacia Geneo by Swensen's.
https://www.bridely.sg/venue-brochures/little-island-brewing-co/r/recDE70TqO66tuVMT,recDE70TqO66tuVMT,Little Island Brewing Co,brochure,,"6 Changi Village Rd, #01-01/02, Singapore 509907 WhatsApp·Email·Website"
https://www.bridely.sg/venue-brochures/the-clifford-pier-the-fullerton-bay-hotel/r/recKaXi4V1Btom2hw,recKaXi4V1Btom2hw,The Clifford Pier @ The Fullerton Bay Hotel,brochure,,✨ First 10 couples get 20% off! Enjoy exclusive savings for your wedding at Acacia Geneo by Swensen's.
https://www.bridely.sg/venue-brochures/grand-hyatt-singapore/r/rec7mXks7AULWV7XZ,rec7mXks7AULWV7XZ,Grand Hyatt Singapore,brochure,,✨ First 10 couples get 20% off! Enjoy exclusive savings for your wedding at Acacia Geneo by Swensen's.
https://www.bridely.sg/venue-brochures/the-secret-patio-duxton/r/reczaAiz7U0F6XoMR,reczaAiz7U0F6XoMR,The Secret Patio @ Duxton,brochure,,✨ First 10 couples get 20% off! Enjoy exclusive savings for your wedding at Acacia Geneo by Swensen's.
https://www.bridely.sg/venue-brochures/grand-copthorne-waterfront-hotel/r/recu87sCQAVtXkfCT,recu87sCQAVtXkfCT,Grand Copthorne Waterfront Hotel,brochure,,✨ First 10 couples get 20% off! Enjoy exclusive savings for your wedding at Acacia Geneo by Swensen's.
https://www.bridely.sg/venue-brochures/sofitel-singapore-city-centre/r/recR7WzEfHK4tYlm9,recR7WzEfHK4tYlm9,Sofitel Singapore City Centre,brochure,,✨ First 10 couples get 20% off! Enjoy exclusive savings for your wedding at Acacia Geneo by Swensen's.
https://www.bridely.sg/venue-brochures/faber-peak/r/recmnhQh4ANr89IdH,recmnhQh4ANr89IdH,Mount Faber Peak,brochure,,109 Mount Faber Road Call·Email·Website
https://www.bridely.sg/venue-brochures/summer-palace/r/rec7bVEqoTABLB6QX,rec7bVEqoTABLB6QX,Summer Palace,brochure,,✨ First 10 couples get 20% off! Enjoy exclusive savings for your wedding at Acacia Geneo by Swensen's.
https://www.bridely.sg/venue-brochures/shangri-la-rasa-sentosa/r/reckSeDSohHZwJX4B,reckSeDSohHZwJX4B,Shangri-La Rasa Sentosa,brochure,,✨ First 10 couples get 20% off! Enjoy exclusive savings for your wedding at Acacia Geneo by Swensen's.
https://www.bridely.sg/venue-brochures/novotel-on-kitchener-road-formerly-parkroyal/r/reckpwImqGRppNBIc,reckpwImqGRppNBIc,Novotel on Kitchener Road,brochure,,✨ First 10 couples get 20% off! Enjoy exclusive savings for your wedding at Acacia Geneo by Swensen's.
https://www.bridely.sg/venue-brochures/yan-restaurant-at-national-gallery-singapore-/r/recod8MFeDsZZCGEM,recod8MFeDsZZCGEM,Yan Restaurant at National Gallery Singapore 宴中餐馆,brochure,,✨ First 10 couples get 20% off! Enjoy exclusive savings for your wedding at Acacia Geneo by Swensen's.
https://www.bridely.sg/venue-brochures/hortpark/r/reca3km1Rd7724PuE,reca3km1Rd7724PuE,HortPark,brochure,,✨ First 10 couples get 20% off! Enjoy exclusive savings for your wedding at Acacia Geneo by Swensen's.
https://www.bridely.sg/venue-brochures/white-rabbit-hole-chinatown/r/recUlKSOwFL4SNcI8,recUlKSOwFL4SNcI8,White Rabbit Hole (Chinatown),brochure,,✨ First 10 couples get 20% off! Enjoy exclusive savings for your wedding at Acacia Geneo by Swensen's.
https://www.bridely.sg/venue-brochures/copthorne-kings-hotel-singapore/r/recFGCc3qhW32gxmn,recFGCc3qhW32gxmn,Copthorne King's Hotel Singapore,brochure,,✨ First 10 couples get 20% off! Enjoy exclusive savings for your wedding at Acacia Geneo by Swensen's.
https://www.bridely.sg/venue-brochures/foochow-building-event-hall/r/rec4Ipr5uIYFXCGKe,rec4Ipr5uIYFXCGKe,Foochow Building Event Hall,brochure,,✨ First 10 couples get 20% off! Enjoy exclusive savings for your wedding at Acacia Geneo by Swensen's.
https://www.bridely.sg/venue-brochures/tunglok-heen/r/recwBYt9TNqsKhOwz,recwBYt9TNqsKhOwz,TungLok Heen,brochure,,✨ First 10 couples get 20% off! Enjoy exclusive savings for your wedding at Acacia Geneo by Swensen's.
https://www.bridely.sg/venue-brochures/the-outpost-hotel-sentosa/r/recjTVGDbPRNpj1Ae,recjTVGDbPRNpj1Ae,The Outpost Hotel Sentosa,brochure,,✨ First 10 couples get 20% off! Enjoy exclusive savings for your wedding at Acacia Geneo by Swensen's.
https://www.bridely.sg/venue-brochures/open-farm-community/r/recNKTPe2QM580fGQ,recNKTPe2QM580fGQ,Open Farm Community,brochure,,✨ First 10 couples get 20% off! Enjoy exclusive savings for your wedding at Acacia Geneo by Swensen's.
https://www.bridely.sg/venue-brochures/into-the-woods/r/recuWFeIus5aceTNN,recuWFeIus5aceTNN,Into the Woods,brochure,,✨ First 10 couples get 20% off! Enjoy exclusive savings for your wedding at Acacia Geneo by Swensen's.
https://www.bridely.sg/venue-brochures/the-venice-ballroom/r/recbP5BbloDp9tAPS,recbP5BbloDp9tAPS,The Venice Ballroom,brochure,,"💄 One-Stop Shop for Your Bridal Look: Ibtiiman Bridal, Singapore's Most Popular Bridal Studio."
https://www.bridely.sg/venue-brochures/the-faith-by-putrimas/r/recBM6cafsBjBiGe7,recBM6cafsBjBiGe7,The Faith by PutriMas,brochure,,"💄 One-Stop Shop for Your Bridal Look: Ibtiiman Bridal, Singapore's Most Popular Bridal Studio."
https://www.bridely.sg/venue-brochures/claudine-restaurant/r/recWjM8oaNA3WI32X,recWjM8oaNA3WI32X,Claudine Restaurant,brochure,,✨ First 10 couples get 20% off! Enjoy exclusive savings for your wedding at Acacia Geneo by Swensen's.
https://www.bridely.sg/venue-brochures/flower-field-hall-gardens-by-the-bay/r/recjOvjXfh8oFOtHk,recjOvjXfh8oFOtHk,Flower Field Hall @ Gardens by the Bay,brochure,,✨ First 10 couples get 20% off! Enjoy exclusive savings for your wedding at Acacia Geneo by Swensen's.
https://www.bridely.sg/venue-brochures/kampong-kembangan-community-club/r/recLbRcaLZJrP0QfF,recLbRcaLZJrP0QfF,Kampong Kembangan Community Club,brochure,,✨ First 10 couples get 20% off! Enjoy exclusive savings for your wedding at Acacia Geneo by Swensen's.
https://www.bridely.sg/venue-brochures/huone/r/reczPh7qakNueMpCb,reczPh7qakNueMpCb,HUONE,brochure,,✨ First 10 couples get 20% off! Enjoy exclusive savings for your wedding at Acacia Geneo by Swensen's.
https://www.bridely.sg/venue-brochures/taverna-greka-greek-italian-restaurant-previous-garys/r/recmzomkfewofoaHO,recmzomkfewofoaHO,Taverna Greka Greek-Italian Restaurant,brochure,,✨ First 10 couples get 20% off! Enjoy exclusive savings for your wedding at Acacia Geneo by Swensen's.
https://www.bridely.sg/venue-brochures/wheelers-tropikana/r/recEFFC3bDrpanLMO,recEFFC3bDrpanLMO,Wheeler's Tropikana,brochure,,✨ First 10 couples get 20% off! Enjoy exclusive savings for your wedding at Acacia Geneo by Swensen's.
https://www.bridely.sg/venue-brochures/parkroyal-collection-marina-bay/r/rechMQnbE4MfnkVXo,rechMQnbE4MfnkVXo,PARKROYAL COLLECTION Marina Bay,brochure,,✨ First 10 couples get 20% off! Enjoy exclusive savings for your wedding at Acacia Geneo by Swensen's.
https://www.bridely.sg/venue-brochures/four-points-by-sheraton-singapore-riverview/r/reczGhFBhsJfHtMi9,reczGhFBhsJfHtMi9,Four Points by Sheraton Singapore Riverview,brochure,,✨ First 10 couples get 20% off! Enjoy exclusive savings for your wedding at Acacia Geneo by Swensen's.
https://www.bridely.sg/venue-brochures/de-hall/r/recOoZpvFWws5rwow,recOoZpvFWws5rwow,De Hall,brochure,,✨ First 10 couples get 20% off! Enjoy exclusive savings for your wedding at Acacia Geneo by Swensen's.
https://www.bridely.sg/venue-brochures/m-hotel-singapore-city-centre/r/recXeDaR28YokfYRk,recXeDaR28YokfYRk,M Hotel Singapore City Centre,brochure,,✨ First 10 couples get 20% off! Enjoy exclusive savings for your wedding at Acacia Geneo by Swensen's.
https://www.bridely.sg/venue-brochures/dads-corner/r/recSAfUXG2KI7ubLr,recSAfUXG2KI7ubLr,Dad's Corner,brochure,,✨ First 10 couples get 20% off! Enjoy exclusive savings for your wedding at Acacia Geneo by Swensen's.
https://www.bridely.sg/venue-brochures/royal-palm/r/recnpqUll1VpwBgJz,recnpqUll1VpwBgJz,Royal Palm,brochure,,"💄 One-Stop Shop for Your Bridal Look: Ibtiiman Bridal, Singapore's Most Popular Bridal Studio."
https://www.bridely.sg/venue-brochures/como-cuisine-at-como-orchard/r/rec9ykSgwfiFSyJ1j,rec9ykSgwfiFSyJ1j,COMO Cuisine at COMO Orchard,brochure,,✨ First 10 couples get 20% off! Enjoy exclusive savings for your wedding at Acacia Geneo by Swensen's.
https://www.bridely.sg/venue-brochures/the-fullerton-hotel-singapore/r/recqSc5XwBLCNysgh,recqSc5XwBLCNysgh,The Fullerton Hotel Singapore,brochure,,✨ First 10 couples get 20% off! Enjoy exclusive savings for your wedding at Acacia Geneo by Swensen's.
https://www.bridely.sg/venue-brochures/plume-singapore/r/recpYPhCGNGMgRKg8,recpYPhCGNGMgRKg8,Plume Singapore,brochure,,✨ First 10 couples get 20% off! Enjoy exclusive savings for your wedding at Acacia Geneo by Swensen's.
https://www.bridely.sg/venue-brochures/burkill-hall/r/rec3KVKs2rg6ZALvc,rec3KVKs2rg6ZALvc,Burkill Hall,brochure,,✨ First 10 couples get 20% off! Enjoy exclusive savings for your wedding at Acacia Geneo by Swensen's.
https://www.bridely.sg/venue-brochures/atlas/r/rec2VYwA8INX8pqp0,rec2VYwA8INX8pqp0,ATLAS,brochure,,✨ First 10 couples get 20% off! Enjoy exclusive savings for your wedding at Acacia Geneo by Swensen's.
https://www.bridely.sg/venue-brochures/pgp-hall/r/recImuMgglu5rtISW,recImuMgglu5rtISW,PGP Hall (Sri Srinivasa Perumal Temple),brochure,,✨ First 10 couples get 20% off! Enjoy exclusive savings for your wedding at Acacia Geneo by Swensen's.
https://www.bridely.sg/venue-brochures/orchid-country-club/r/recavOMibKWmQ9AJu,recavOMibKWmQ9AJu,Orchid Country Club,brochure,,✨ First 10 couples get 20% off! Enjoy exclusive savings for your wedding at Acacia Geneo by Swensen's.
https://www.bridely.sg/venue-brochures/royal-plaza-on-scotts/r/rec7JKFYqky8VoiFa,rec7JKFYqky8VoiFa,Royal Plaza on Scotts,brochure,,✨ First 10 couples get 20% off! Enjoy exclusive savings for your wedding at Acacia Geneo by Swensen's.
https://www.bridely.sg/venue-brochures/altro-zafferano/r/recAjyLcQI7Qc6VDD,recAjyLcQI7Qc6VDD,Altro Zafferano,brochure,,✨ First 10 couples get 20% off! Enjoy exclusive savings for your wedding at Acacia Geneo by Swensen's.
https://www.bridely.sg/venue-brochures/peach-garden-thomson-plaza/r/recrEa1DK6yFzgLqj,recrEa1DK6yFzgLqj,Peach Garden @ Thomson Plaza,brochure,,✨ First 10 couples get 20% off! Enjoy exclusive savings for your wedding at Acacia Geneo by Swensen's.
https://www.bridely.sg/venue-brochures/bay-laurel/r/recsAPfrMiXAhzoI0,recsAPfrMiXAhzoI0,Bay Laurel,brochure,,"💄 One-Stop Shop for Your Bridal Look: Ibtiiman Bridal, Singapore's Most Popular Bridal Studio."
https://www.bridely.sg/venue-brochures/botanico-at-the-summerhouse-formerly-at-the-garage/r/recmf9GCsPVpM0kDz,recmf9GCsPVpM0kDz,Botanico At The Summerhouse (Formerly at The Garage),brochure,,✨ First 10 couples get 20% off! Enjoy exclusive savings for your wedding at Acacia Geneo by Swensen's.
https://www.bridely.sg/venue-brochures/oasia-hotel-downtown/r/recXKWo4ND5I4I1y4,recXKWo4ND5I4I1y4,Oasia Hotel Downtown,brochure,,✨ First 10 couples get 20% off! Enjoy exclusive savings for your wedding at Acacia Geneo by Swensen's.
https://www.bridely.sg/venue-brochures/seletar-country-club/r/recfFwzHBLlA7qe8d,recfFwzHBLlA7qe8d,Seletar Country Club,brochure,,✨ First 10 couples get 20% off! Enjoy exclusive savings for your wedding at Acacia Geneo by Swensen's.
https://www.bridely.sg/venue-brochures/tamarind-hill-singapore/r/recqN2UODW8a93MfO,recqN2UODW8a93MfO,Tamarind Hill Singapore,brochure,,✨ First 10 couples get 20% off! Enjoy exclusive savings for your wedding at Acacia Geneo by Swensen's.
https://www.bridely.sg/venue-brochures/grand-shanghai-restaurant/r/recH5VkryHPzX3B54,recH5VkryHPzX3B54,Grand Shanghai Restaurant,brochure,,✨ First 10 couples get 20% off! Enjoy exclusive savings for your wedding at Acacia Geneo by Swensen's.
https://www.bridely.sg/venue-brochures/royal-palm-orchid-country-club-restaurant/r/rec3of72ZNN6C4bcK,rec3of72ZNN6C4bcK,Royal Palm @ Orchid Country Club Restaurant,brochure,,"💄 One-Stop Shop for Your Bridal Look: Ibtiiman Bridal, Singapore's Most Popular Bridal Studio."
https://www.bridely.sg/venue-brochures/peony-jade-amara-singapore/r/rec1toCaVFPovrNsB,rec1toCaVFPovrNsB,Peony Jade @ AMARA Singapore,brochure,,✨ First 10 couples get 20% off! Enjoy exclusive savings for your wedding at Acacia Geneo by Swensen's.
https://www.bridely.sg/venue-brochures/the-cliff/r/rec8CiMiGaJoy8OOM,rec8CiMiGaJoy8OOM,THE CLIFF,brochure,,✨ First 10 couples get 20% off! Enjoy exclusive savings for your wedding at Acacia Geneo by Swensen's.
https://www.bridely.sg/venue-brochures/bijan/r/rec0eriUZrfs97qLE,rec0eriUZrfs97qLE,Bijan,brochure,,"💄 One-Stop Shop for Your Bridal Look: Ibtiiman Bridal, Singapore's Most Popular Bridal Studio."
https://www.bridely.sg/venue-brochures/andaz-singapore/r/recrMiURF2LFOFWlD,recrMiURF2LFOFWlD,Andaz Singapore,brochure,,✨ First 10 couples get 20% off! Enjoy exclusive savings for your wedding at Acacia Geneo by Swensen's.
https://www.bridely.sg/venue-brochures/violet-oon-jewel/r/recPFXxTza841slC5,recPFXxTza841slC5,Violet Oon @ Jewel,brochure,,✨ First 10 couples get 20% off! Enjoy exclusive savings for your wedding at Acacia Geneo by Swensen's.
https://www.bridely.sg/venue-brochures/ah-yat-seafood-restaurant/r/recCU4LTFklNKCcri,recCU4LTFklNKCcri,Ah Yat Seafood Restaurant,brochure,,✨ First 10 couples get 20% off! Enjoy exclusive savings for your wedding at Acacia Geneo by Swensen's.
https://www.bridely.sg/venue-brochures/caroline-mansion-st-regis/r/rec4eaFt2IN11Al58,rec4eaFt2IN11Al58,Caroline Mansion @ St Regis,brochure,,✨ First 10 couples get 20% off! Enjoy exclusive savings for your wedding at Acacia Geneo by Swensen's.
https://www.bridely.sg/venue-brochures/tunglok-seafood-darena/r/recbhUOBo19rwVT0V,recbhUOBo19rwVT0V,TungLok Seafood (d'Arena),brochure,,✨ First 10 couples get 20% off! Enjoy exclusive savings for your wedding at Acacia Geneo by Swensen's.
https://www.bridely.sg/venue-brochures/ban-heng-restaurant-orchid-country-club/r/recw4nToFH73iIKT6,recw4nToFH73iIKT6,Ban Heng Restaurant @ Orchid Country Club,brochure,,✨ First 10 couples get 20% off! Enjoy exclusive savings for your wedding at Acacia Geneo by Swensen's.
https://www.bridely.sg/venue-brochures/york-hotel/r/rec8ngtGbq7qNEytH,rec8ngtGbq7qNEytH,York Hotel,brochure,,✨ First 10 couples get 20% off! Enjoy exclusive savings for your wedding at Acacia Geneo by Swensen's.
https://www.bridely.sg/venue-brochures/amara-sanctuary-resort-sentosa/r/recyRb8h19BwLb7W9,recyRb8h19BwLb7W9,Amara Sanctuary Resort Sentosa,brochure,,✨ First 10 couples get 20% off! Enjoy exclusive savings for your wedding at Acacia Geneo by Swensen's.
https://www.bridely.sg/venue-brochures/hub-spoke-cafe/r/rechJnJ4bZRPmxRPp,rechJnJ4bZRPmxRPp,Hub & Spoke Cafe,brochure,,✨ First 10 couples get 20% off! Enjoy exclusive savings for your wedding at Acacia Geneo by Swensen's.
https://www.bridely.sg/venue-brochures/the-teahouse-studio/r/recCn1RnSIygDAAzg,recCn1RnSIygDAAzg,The Teahouse Studio,brochure,,✨ First 10 couples get 20% off! Enjoy exclusive savings for your wedding at Acacia Geneo by Swensen's.
https://www.bridely.sg/venue-brochures/the-ballroom-singapore/r/recynRErA1rwzbByB,recynRErA1rwzbByB,The Ballroom Singapore,brochure,,"💄 One-Stop Shop for Your Bridal Look: Ibtiiman Bridal, Singapore's Most Popular Bridal Studio."
https://www.bridely.sg/venue-brochures/peach-garden-the-metropolis/r/recSx4Ro1A9puVWAC,recSx4Ro1A9puVWAC,Peach Garden @ The Metropolis,brochure,,✨ First 10 couples get 20% off! Enjoy exclusive savings for your wedding at Acacia Geneo by Swensen's.
https://www.bridely.sg/venue-brochures/sky-garden-sentosa/r/recpIhlNS9DIgpfoP,recpIhlNS9DIgpfoP,Sky Garden Sentosa,brochure,,✨ First 10 couples get 20% off! Enjoy exclusive savings for your wedding at Acacia Geneo by Swensen's.
https://www.bridely.sg/venue-brochures/sea-aquarium/r/recakRATXPpKuc0Yj,recakRATXPpKuc0Yj,S.E.A. Aquarium,brochure,,✨ First 10 couples get 20% off! Enjoy exclusive savings for your wedding at Acacia Geneo by Swensen's.
https://www.bridely.sg/venue-brochures/marguerite/r/recfRS43A0mOHA87x,recfRS43A0mOHA87x,Marguerite,brochure,,✨ First 10 couples get 20% off! Enjoy exclusive savings for your wedding at Acacia Geneo by Swensen's.
https://www.bridely.sg/venue-brochures/grand-park-city-hall/r/recK861nUJU6hEjHo,recK861nUJU6hEjHo,Grand Park City Hall,brochure,,✨ First 10 couples get 20% off! Enjoy exclusive savings for your wedding at Acacia Geneo by Swensen's.
https://www.bridely.sg/venue-brochures/civil-service-club-tessensohn/r/rec1lF8g4kswTQ0Hk,rec1lF8g4kswTQ0Hk,Civil Service Club @ Tessensohn,brochure,,✨ First 10 couples get 20% off! Enjoy exclusive savings for your wedding at Acacia Geneo by Swensen's.
https://www.bridely.sg/venue-brochures/holiday-inn-singapore-orchard-city-centre/r/recr2uhYlFFbsLQqc,recr2uhYlFFbsLQqc,Holiday Inn Singapore Orchard City Centre,brochure,,✨ First 10 couples get 20% off! Enjoy exclusive savings for your wedding at Acacia Geneo by Swensen's.
https://www.bridely.sg/venue-brochures/raffles-marina/r/recDTXxx4UBMHDiXt,recDTXxx4UBMHDiXt,Raffles Marina,brochure,,✨ First 10 couples get 20% off! Enjoy exclusive savings for your wedding at Acacia Geneo by Swensen's.
https://www.bridely.sg/venue-brochures/tunglok-seafood-park-regis-singapore/r/recGQnFUtGvuYEtZO,recGQnFUtGvuYEtZO,TungLok Seafood (Park Regis Singapore),brochure,,✨ First 10 couples get 20% off! Enjoy exclusive savings for your wedding at Acacia Geneo by Swensen's.
https://www.bridely.sg/venue-brochures/alcove-at-caldwell-house/r/recD6M4zVuUnHO6HG,recD6M4zVuUnHO6HG,Alcove at Caldwell House,brochure,,✨ First 10 couples get 20% off! Enjoy exclusive savings for your wedding at Acacia Geneo by Swensen's.
https://www.bridely.sg/venue-brochures/regal-the-venue/r/recYeO95nXMLBJz4u,recYeO95nXMLBJz4u,Regal The Venue,brochure,,"💄 One-Stop Shop for Your Bridal Look: Ibtiiman Bridal, Singapore's Most Popular Bridal Studio."
https://www.bridely.sg/venue-brochures/plonk/r/rec81MyjHtoEQuYsQ,rec81MyjHtoEQuYsQ,PLONK,brochure,,✨ First 10 couples get 20% off! Enjoy exclusive savings for your wedding at Acacia Geneo by Swensen's.
